quxian_url,shangquan,start_url
http://fangjia.fang.com/pghouse-c0sh/a020-h315/,北新泾,http://fangjia.fang.com//pghouse-c0sh/a020-b02075-h315/
http://fangjia.fang.com/pghouse-c0sh/a020-h315/,古北,http://fangjia.fang.com//pghouse-c0sh/a020-b01617-h315/
http://fangjia.fang.com/pghouse-c0sh/a020-h315/,虹桥,http://fangjia.fang.com//pghouse-c0sh/a020-b01619-h315/
http://fangjia.fang.com/pghouse-c0sh/a020-h315/,天山,http://fangjia.fang.com//pghouse-c0sh/a020-b01621-h315/
http://fangjia.fang.com/pghouse-c0sh/a020-h315/,西郊,http://fangjia.fang.com//pghouse-c0sh/a020-b05251-h315/
http://fangjia.fang.com/pghouse-c0sh/a020-h315/,仙霞,http://fangjia.fang.com//pghouse-c0sh/a020-b013642-h315/
http://fangjia.fang.com/pghouse-c0sh/a020-h315/,新华路,http://fangjia.fang.com//pghouse-c0sh/a020-b01620-h315/
http://fangjia.fang.com/pghouse-c0sh/a020-h315/,镇宁路,http://fangjia.fang.com//pghouse-c0sh/a020-b05701-h315/
http://fangjia.fang.com/pghouse-c0sh/a020-h315/,中山公园,http://fangjia.fang.com//pghouse-c0sh/a020-b01618-h315/
http://fangjia.fang.com/pghouse-c0sh/a028-h315/,曹杨,http://fangjia.fang.com//pghouse-c0sh/a028-b01657-h315/
http://fangjia.fang.com/pghouse-c0sh/a028-h315/,长风,http://fangjia.fang.com//pghouse-c0sh/a028-b01658-h315/
http://fangjia.fang.com/pghouse-c0sh/a028-h315/,长寿路,http://fangjia.fang.com//pghouse-c0sh/a028-b01655-h315/
http://fangjia.fang.com/pghouse-c0sh/a028-h315/,长征,http://fangjia.fang.com//pghouse-c0sh/a028-b01662-h315/
http://fangjia.fang.com/pghouse-c0sh/a028-h315/,光新,http://fangjia.fang.com//pghouse-c0sh/a028-b05252-h315/
http://fangjia.fang.com/pghouse-c0sh/a028-h315/,甘泉,http://fangjia.fang.com//pghouse-c0sh/a028-b021930-h315/
http://fangjia.fang.com/pghouse-c0sh/a028-h315/,桃浦,http://fangjia.fang.com//pghouse-c0sh/a028-b05254-h315/
http://fangjia.fang.com/pghouse-c0sh/a028-h315/,万里,http://fangjia.fang.com//pghouse-c0sh/a028-b01660-h315/
http://fangjia.fang.com/pghouse-c0sh/a028-h315/,武宁,http://fangjia.fang.com//pghouse-c0sh/a028-b01656-h315/
http://fangjia.fang.com/pghouse-c0sh/a028-h315/,宜川,http://fangjia.fang.com//pghouse-c0sh/a028-b010327-h315/
http://fangjia.fang.com/pghouse-c0sh/a028-h315/,真光,http://fangjia.fang.com//pghouse-c0sh/a028-b01659-h315/
http://fangjia.fang.com/pghouse-c0sh/a028-h315/,真如,http://fangjia.fang.com//pghouse-c0sh/a028-b05253-h315/
http://fangjia.fang.com/pghouse-c0sh/a028-h315/,中远两湾城,http://fangjia.fang.com//pghouse-c0sh/a028-b01661-h315/
http://fangjia.fang.com/pghouse-c0sh/a018-h315/,春申,http://fangjia.fang.com//pghouse-c0sh/a018-b01609-h315/
http://fangjia.fang.com/pghouse-c0sh/a018-h315/,古美,http://fangjia.fang.com//pghouse-c0sh/a018-b01601-h315/
http://fangjia.fang.com/pghouse-c0sh/a018-h315/,航华,http://fangjia.fang.com//pghouse-c0sh/a018-b01608-h315/
http://fangjia.fang.com/pghouse-c0sh/a018-h315/,华漕,http://fangjia.fang.com//pghouse-c0sh/a018-b02078-h315/
http://fangjia.fang.com/pghouse-c0sh/a018-h315/,金虹桥,http://fangjia.fang.com//pghouse-c0sh/a018-b01607-h315/
http://fangjia.fang.com/pghouse-c0sh/a018-h315/,金汇,http://fangjia.fang.com//pghouse-c0sh/a018-b01606-h315/
http://fangjia.fang.com/pghouse-c0sh/a018-h315/,静安新城,http://fangjia.fang.com//pghouse-c0sh/a018-b01603-h315/
http://fangjia.fang.com/pghouse-c0sh/a018-h315/,老闵行,http://fangjia.fang.com//pghouse-c0sh/a018-b04754-h315/
http://fangjia.fang.com/pghouse-c0sh/a018-h315/,龙柏,http://fangjia.fang.com//pghouse-c0sh/a018-b01605-h315/
http://fangjia.fang.com/pghouse-c0sh/a018-h315/,罗阳,http://fangjia.fang.com//pghouse-c0sh/a018-b01602-h315/
http://fangjia.fang.com/pghouse-c0sh/a018-h315/,马桥,http://fangjia.fang.com//pghouse-c0sh/a018-b05250-h315/
http://fangjia.fang.com/pghouse-c0sh/a018-h315/,梅陇,http://fangjia.fang.com//pghouse-c0sh/a018-b02077-h315/
http://fangjia.fang.com/pghouse-c0sh/a018-h315/,浦江,http://fangjia.fang.com//pghouse-c0sh/a018-b05248-h315/
http://fangjia.fang.com/pghouse-c0sh/a018-h315/,七宝,http://fangjia.fang.com//pghouse-c0sh/a018-b01600-h315/
http://fangjia.fang.com/pghouse-c0sh/a018-h315/,吴泾,http://fangjia.fang.com//pghouse-c0sh/a018-b05249-h315/
http://fangjia.fang.com/pghouse-c0sh/a018-h315/,莘庄,http://fangjia.fang.com//pghouse-c0sh/a018-b01599-h315/
http://fangjia.fang.com/pghouse-c0sh/a018-h315/,颛桥,http://fangjia.fang.com//pghouse-c0sh/a018-b04755-h315/
http://fangjia.fang.com/pghouse-c0sh/a019-h315/,漕河泾,http://fangjia.fang.com//pghouse-c0sh/a019-b05245-h315/
http://fangjia.fang.com/pghouse-c0sh/a019-h315/,长桥,http://fangjia.fang.com//pghouse-c0sh/a019-b06247-h315/
http://fangjia.fang.com/pghouse-c0sh/a019-h315/,衡山路,http://fangjia.fang.com//pghouse-c0sh/a019-b01615-h315/
http://fangjia.fang.com/pghouse-c0sh/a019-h315/,华东理工,http://fangjia.fang.com//pghouse-c0sh/a019-b07321-h315/
http://fangjia.fang.com/pghouse-c0sh/a019-h315/,华泾,http://fangjia.fang.com//pghouse-c0sh/a019-b05234-h315/
http://fangjia.fang.com/pghouse-c0sh/a019-h315/,建国西路,http://fangjia.fang.com//pghouse-c0sh/a019-b01616-h315/
http://fangjia.fang.com/pghouse-c0sh/a019-h315/,康健,http://fangjia.fang.com//pghouse-c0sh/a019-b01614-h315/
http://fangjia.fang.com/pghouse-c0sh/a019-h315/,龙华,http://fangjia.fang.com//pghouse-c0sh/a019-b02768-h315/
http://fangjia.fang.com/pghouse-c0sh/a019-h315/,上海南站,http://fangjia.fang.com//pghouse-c0sh/a019-b010345-h315/
http://fangjia.fang.com/pghouse-c0sh/a019-h315/,田林,http://fangjia.fang.com//pghouse-c0sh/a019-b01613-h315/
http://fangjia.fang.com/pghouse-c0sh/a019-h315/,万体馆,http://fangjia.fang.com//pghouse-c0sh/a019-b01610-h315/
http://fangjia.fang.com/pghouse-c0sh/a019-h315/,斜土路,http://fangjia.fang.com//pghouse-c0sh/a019-b01612-h315/
http://fangjia.fang.com/pghouse-c0sh/a019-h315/,徐汇滨江,http://fangjia.fang.com//pghouse-c0sh/a019-b05247-h315/
http://fangjia.fang.com/pghouse-c0sh/a019-h315/,徐家汇,http://fangjia.fang.com//pghouse-c0sh/a019-b0103-h315/
http://fangjia.fang.com/pghouse-c0sh/a019-h315/,植物园,http://fangjia.fang.com//pghouse-c0sh/a019-b02767-h315/
http://fangjia.fang.com/pghouse-c0sh/a029-h315/,安亭,http://fangjia.fang.com//pghouse-c0sh/a029-b05262-h315/
http://fangjia.fang.com/pghouse-c0sh/a029-h315/,丰庄,http://fangjia.fang.com//pghouse-c0sh/a029-b05261-h315/
http://fangjia.fang.com/pghouse-c0sh/a029-h315/,嘉定城区,http://fangjia.fang.com//pghouse-c0sh/a029-b02079-h315/
http://fangjia.fang.com/pghouse-c0sh/a029-h315/,江桥,http://fangjia.fang.com//pghouse-c0sh/a029-b05260-h315/
http://fangjia.fang.com/pghouse-c0sh/a029-h315/,菊园新区,http://fangjia.fang.com//pghouse-c0sh/a029-b012921-h315/
http://fangjia.fang.com/pghouse-c0sh/a029-h315/,嘉定新城,http://fangjia.fang.com//pghouse-c0sh/a029-b010285-h315/
http://fangjia.fang.com/pghouse-c0sh/a029-h315/,马陆,http://fangjia.fang.com//pghouse-c0sh/a029-b015659-h315/
http://fangjia.fang.com/pghouse-c0sh/a029-h315/,南翔,http://fangjia.fang.com//pghouse-c0sh/a029-b01669-h315/
http://fangjia.fang.com/pghouse-c0sh/a0586-h315/,九亭,http://fangjia.fang.com//pghouse-c0sh/a0586-b01702-h315/
http://fangjia.fang.com/pghouse-c0sh/a0586-h315/,佘山,http://fangjia.fang.com//pghouse-c0sh/a0586-b05264-h315/
http://fangjia.fang.com/pghouse-c0sh/a0586-h315/,泗泾,http://fangjia.fang.com//pghouse-c0sh/a0586-b01708-h315/
http://fangjia.fang.com/pghouse-c0sh/a0586-h315/,松江老城,http://fangjia.fang.com//pghouse-c0sh/a0586-b010656-h315/
http://fangjia.fang.com/pghouse-c0sh/a0586-h315/,松江新城,http://fangjia.fang.com//pghouse-c0sh/a0586-b01703-h315/
http://fangjia.fang.com/pghouse-c0sh/a0586-h315/,莘闵别墅,http://fangjia.fang.com//pghouse-c0sh/a0586-b01709-h315/
http://fangjia.fang.com/pghouse-c0sh/a0586-h315/,松江大学城,http://fangjia.fang.com//pghouse-c0sh/a0586-b015489-h315/
http://fangjia.fang.com/pghouse-c0sh/a0586-h315/,新桥,http://fangjia.fang.com//pghouse-c0sh/a0586-b01707-h315/
http://fangjia.fang.com/pghouse-c0sh/a025-h315/,北蔡,http://fangjia.fang.com//pghouse-c0sh/a025-b01646-h315/
http://fangjia.fang.com/pghouse-c0sh/a025-h315/,碧云,http://fangjia.fang.com//pghouse-c0sh/a025-b01639-h315/
http://fangjia.fang.com/pghouse-c0sh/a025-h315/,川沙,http://fangjia.fang.com//pghouse-c0sh/a025-b05278-h315/
http://fangjia.fang.com/pghouse-c0sh/a025-h315/,曹路,http://fangjia.fang.com//pghouse-c0sh/a025-b05235-h315/
http://fangjia.fang.com/pghouse-c0sh/a025-h315/,高行,http://fangjia.fang.com//pghouse-c0sh/a025-b010315-h315/
http://fangjia.fang.com/pghouse-c0sh/a025-h315/,惠南,http://fangjia.fang.com//pghouse-c0sh/a025-b05929-h315/
http://fangjia.fang.com/pghouse-c0sh/a025-h315/,航头,http://fangjia.fang.com//pghouse-c0sh/a025-b05920-h315/
http://fangjia.fang.com/pghouse-c0sh/a025-h315/,花木,http://fangjia.fang.com//pghouse-c0sh/a025-b01635-h315/
http://fangjia.fang.com/pghouse-c0sh/a025-h315/,金桥,http://fangjia.fang.com//pghouse-c0sh/a025-b01636-h315/
http://fangjia.fang.com/pghouse-c0sh/a025-h315/,金杨,http://fangjia.fang.com//pghouse-c0sh/a025-b07366-h315/
http://fangjia.fang.com/pghouse-c0sh/a025-h315/,康桥,http://fangjia.fang.com//pghouse-c0sh/a025-b05934-h315/
http://fangjia.fang.com/pghouse-c0sh/a025-h315/,联洋,http://fangjia.fang.com//pghouse-c0sh/a025-b01638-h315/
http://fangjia.fang.com/pghouse-c0sh/a025-h315/,临港新城,http://fangjia.fang.com//pghouse-c0sh/a025-b05928-h315/
http://fangjia.fang.com/pghouse-c0sh/a025-h315/,陆家嘴,http://fangjia.fang.com//pghouse-c0sh/a025-b01633-h315/
http://fangjia.fang.com/pghouse-c0sh/a025-h315/,南码头,http://fangjia.fang.com//pghouse-c0sh/a025-b014157-h315/
http://fangjia.fang.com/pghouse-c0sh/a025-h315/,三林,http://fangjia.fang.com//pghouse-c0sh/a025-b01637-h315/
http://fangjia.fang.com/pghouse-c0sh/a030-h315/,大场镇,http://fangjia.fang.com//pghouse-c0sh/a030-b010256-h315/
http://fangjia.fang.com/pghouse-c0sh/a027-h315/,不夜城,http://fangjia.fang.com//pghouse-c0sh/a027-b01653-h315/
http://fangjia.fang.com/pghouse-c0sh/a025-h315/,世博,http://fangjia.fang.com//pghouse-c0sh/a025-b03990-h315/
http://fangjia.fang.com/pghouse-c0sh/a025-h315/,世纪公园,http://fangjia.fang.com//pghouse-c0sh/a025-b01640-h315/
http://fangjia.fang.com/pghouse-c0sh/a025-h315/,塘桥,http://fangjia.fang.com//pghouse-c0sh/a025-b01644-h315/
http://fangjia.fang.com/pghouse-c0sh/a025-h315/,唐镇,http://fangjia.fang.com//pghouse-c0sh/a025-b05236-h315/
http://fangjia.fang.com/pghouse-c0sh/a025-h315/,外高桥,http://fangjia.fang.com//pghouse-c0sh/a025-b03991-h315/
http://fangjia.fang.com/pghouse-c0sh/a025-h315/,潍坊,http://fangjia.fang.com//pghouse-c0sh/a025-b013418-h315/
http://fangjia.fang.com/pghouse-c0sh/a025-h315/,新场,http://fangjia.fang.com//pghouse-c0sh/a025-b05930-h315/
http://fangjia.fang.com/pghouse-c0sh/a025-h315/,杨东,http://fangjia.fang.com//pghouse-c0sh/a025-b013080-h315/
http://fangjia.fang.com/pghouse-c0sh/a025-h315/,洋泾,http://fangjia.fang.com//pghouse-c0sh/a025-b01642-h315/
http://fangjia.fang.com/pghouse-c0sh/a025-h315/,源深,http://fangjia.fang.com//pghouse-c0sh/a025-b01641-h315/
http://fangjia.fang.com/pghouse-c0sh/a025-h315/,张江,http://fangjia.fang.com//pghouse-c0sh/a025-b01645-h315/
http://fangjia.fang.com/pghouse-c0sh/a025-h315/,周浦,http://fangjia.fang.com//pghouse-c0sh/a025-b05926-h315/
http://fangjia.fang.com/pghouse-c0sh/a025-h315/,祝桥,http://fangjia.fang.com//pghouse-c0sh/a025-b05931-h315/
http://fangjia.fang.com/pghouse-c0sh/a030-h315/,大华,http://fangjia.fang.com//pghouse-c0sh/a030-b03937-h315/
http://fangjia.fang.com/pghouse-c0sh/a030-h315/,高境,http://fangjia.fang.com//pghouse-c0sh/a030-b03940-h315/
http://fangjia.fang.com/pghouse-c0sh/a030-h315/,共富,http://fangjia.fang.com//pghouse-c0sh/a030-b012993-h315/
http://fangjia.fang.com/pghouse-c0sh/a030-h315/,共康,http://fangjia.fang.com//pghouse-c0sh/a030-b03943-h315/
http://fangjia.fang.com/pghouse-c0sh/a030-h315/,顾村,http://fangjia.fang.com//pghouse-c0sh/a030-b03941-h315/
http://fangjia.fang.com/pghouse-c0sh/a030-h315/,罗店,http://fangjia.fang.com//pghouse-c0sh/a030-b03945-h315/
http://fangjia.fang.com/pghouse-c0sh/a030-h315/,罗泾,http://fangjia.fang.com//pghouse-c0sh/a030-b03948-h315/
http://fangjia.fang.com/pghouse-c0sh/a030-h315/,上大,http://fangjia.fang.com//pghouse-c0sh/a030-b03938-h315/
http://fangjia.fang.com/pghouse-c0sh/a030-h315/,淞宝,http://fangjia.fang.com//pghouse-c0sh/a030-b03947-h315/
http://fangjia.fang.com/pghouse-c0sh/a030-h315/,淞南,http://fangjia.fang.com//pghouse-c0sh/a030-b03939-h315/
http://fangjia.fang.com/pghouse-c0sh/a030-h315/,通河,http://fangjia.fang.com//pghouse-c0sh/a030-b012994-h315/
http://fangjia.fang.com/pghouse-c0sh/a030-h315/,杨行,http://fangjia.fang.com//pghouse-c0sh/a030-b010649-h315/
http://fangjia.fang.com/pghouse-c0sh/a030-h315/,月浦,http://fangjia.fang.com//pghouse-c0sh/a030-b03946-h315/
http://fangjia.fang.com/pghouse-c0sh/a030-h315/,张庙,http://fangjia.fang.com//pghouse-c0sh/a030-b03942-h315/
http://fangjia.fang.com/pghouse-c0sh/a027-h315/,大宁,http://fangjia.fang.com//pghouse-c0sh/a027-b03935-h315/
http://fangjia.fang.com/pghouse-c0sh/a027-h315/,彭浦,http://fangjia.fang.com//pghouse-c0sh/a027-b0138-h315/
http://fangjia.fang.com/pghouse-c0sh/a027-h315/,西藏北路,http://fangjia.fang.com//pghouse-c0sh/a027-b01654-h315/
http://fangjia.fang.com/pghouse-c0sh/a027-h315/,阳城,http://fangjia.fang.com//pghouse-c0sh/a027-b05259-h315/
http://fangjia.fang.com/pghouse-c0sh/a027-h315/,永和,http://fangjia.fang.com//pghouse-c0sh/a027-b05277-h315/
http://fangjia.fang.com/pghouse-c0sh/a027-h315/,闸北公园,http://fangjia.fang.com//pghouse-c0sh/a027-b03936-h315/
http://fangjia.fang.com/pghouse-c0sh/a026-h315/,鞍山,http://fangjia.fang.com//pghouse-c0sh/a026-b05255-h315/
http://fangjia.fang.com/pghouse-c0sh/a026-h315/,东外滩,http://fangjia.fang.com//pghouse-c0sh/a026-b01648-h315/
http://fangjia.fang.com/pghouse-c0sh/a026-h315/,黄兴公园,http://fangjia.fang.com//pghouse-c0sh/a026-b01650-h315/
http://fangjia.fang.com/pghouse-c0sh/a026-h315/,控江路,http://fangjia.fang.com//pghouse-c0sh/a026-b010350-h315/
http://fangjia.fang.com/pghouse-c0sh/a026-h315/,五角场,http://fangjia.fang.com//pghouse-c0sh/a026-b01647-h315/
http://fangjia.fang.com/pghouse-c0sh/a026-h315/,新江湾城,http://fangjia.fang.com//pghouse-c0sh/a026-b01651-h315/
http://fangjia.fang.com/pghouse-c0sh/a026-h315/,杨浦大桥,http://fangjia.fang.com//pghouse-c0sh/a026-b012971-h315/
http://fangjia.fang.com/pghouse-c0sh/a026-h315/,中原,http://fangjia.fang.com//pghouse-c0sh/a026-b01652-h315/
http://fangjia.fang.com/pghouse-c0sh/a026-h315/,周家嘴路,http://fangjia.fang.com//pghouse-c0sh/a026-b01649-h315/
http://fangjia.fang.com/pghouse-c0sh/a023-h315/,北外滩,http://fangjia.fang.com//pghouse-c0sh/a023-b0121-h315/
http://fangjia.fang.com/pghouse-c0sh/a023-h315/,江湾镇,http://fangjia.fang.com//pghouse-c0sh/a023-b05257-h315/
http://fangjia.fang.com/pghouse-c0sh/a023-h315/,凉城,http://fangjia.fang.com//pghouse-c0sh/a023-b05256-h315/
http://fangjia.fang.com/pghouse-c0sh/a023-h315/,临平路,http://fangjia.fang.com//pghouse-c0sh/a023-b02974-h315/
http://fangjia.fang.com/pghouse-c0sh/a023-h315/,鲁迅公园,http://fangjia.fang.com//pghouse-c0sh/a023-b01629-h315/
http://fangjia.fang.com/pghouse-c0sh/a023-h315/,曲阳,http://fangjia.fang.com//pghouse-c0sh/a023-b01627-h315/
http://fangjia.fang.com/pghouse-c0sh/a023-h315/,四川北路,http://fangjia.fang.com//pghouse-c0sh/a023-b01628-h315/
http://fangjia.fang.com/pghouse-c0sh/a022-h315/,打浦桥,http://fangjia.fang.com//pghouse-c0sh/a022-b01626-h315/
http://fangjia.fang.com/pghouse-c0sh/a022-h315/,淮海中路,http://fangjia.fang.com//pghouse-c0sh/a022-b05241-h315/
http://fangjia.fang.com/pghouse-c0sh/a022-h315/,世博滨江,http://fangjia.fang.com//pghouse-c0sh/a022-b05243-h315/
http://fangjia.fang.com/pghouse-c0sh/a022-h315/,五里桥,http://fangjia.fang.com//pghouse-c0sh/a022-b05242-h315/
http://fangjia.fang.com/pghouse-c0sh/a022-h315/,新天地,http://fangjia.fang.com//pghouse-c0sh/a022-b01625-h315/
http://fangjia.fang.com/pghouse-c0sh/a031-h315/,白鹤,http://fangjia.fang.com//pghouse-c0sh/a031-b07307-h315/
http://fangjia.fang.com/pghouse-c0sh/a031-h315/,华新,http://fangjia.fang.com//pghouse-c0sh/a031-b013079-h315/
http://fangjia.fang.com/pghouse-c0sh/a031-h315/,青浦城区,http://fangjia.fang.com//pghouse-c0sh/a031-b05263-h315/
http://fangjia.fang.com/pghouse-c0sh/a031-h315/,徐泾,http://fangjia.fang.com//pghouse-c0sh/a031-b01681-h315/
http://fangjia.fang.com/pghouse-c0sh/a031-h315/,重固,http://fangjia.fang.com//pghouse-c0sh/a031-b07308-h315/
http://fangjia.fang.com/pghouse-c0sh/a031-h315/,朱家角,http://fangjia.fang.com//pghouse-c0sh/a031-b01684-h315/
http://fangjia.fang.com/pghouse-c0sh/a031-h315/,赵巷,http://fangjia.fang.com//pghouse-c0sh/a031-b07309-h315/
http://fangjia.fang.com/pghouse-c0sh/a021-h315/,曹家渡,http://fangjia.fang.com//pghouse-c0sh/a021-b01624-h315/
http://fangjia.fang.com/pghouse-c0sh/a021-h315/,江宁路,http://fangjia.fang.com//pghouse-c0sh/a021-b05244-h315/
http://fangjia.fang.com/pghouse-c0sh/a021-h315/,静安寺,http://fangjia.fang.com//pghouse-c0sh/a021-b01622-h315/
http://fangjia.fang.com/pghouse-c0sh/a021-h315/,南京西路,http://fangjia.fang.com//pghouse-c0sh/a021-b01623-h315/
http://fangjia.fang.com/pghouse-c0sh/a0996-h315/,堡镇,http://fangjia.fang.com//pghouse-c0sh/a0996-b010706-h315/
http://fangjia.fang.com/pghouse-c0sh/a0996-h315/,长兴岛,http://fangjia.fang.com//pghouse-c0sh/a0996-b010707-h315/
http://fangjia.fang.com/pghouse-c0sh/a0996-h315/,崇明其他,http://fangjia.fang.com//pghouse-c0sh/a0996-b021929-h315/
http://fangjia.fang.com/pghouse-c0sh/a0996-h315/,南门,http://fangjia.fang.com//pghouse-c0sh/a0996-b021928-h315/
http://fangjia.fang.com/pghouse-c0sh/a0996-h315/,新河,http://fangjia.fang.com//pghouse-c0sh/a0996-b021927-h315/
http://fangjia.fang.com/pghouse-c0sh/a01046-h315/,湖州,http://fangjia.fang.com//pghouse-c0sh/a01046-b022343-h315/
http://fangjia.fang.com/pghouse-c0sh/a01046-h315/,嘉兴,http://fangjia.fang.com//pghouse-c0sh/a01046-b014447-h315/
http://fangjia.fang.com/pghouse-c0sh/a01046-h315/,昆山,http://fangjia.fang.com//pghouse-c0sh/a01046-b014446-h315/
http://fangjia.fang.com/pghouse-c0sh/a01046-h315/,其他,http://fangjia.fang.com//pghouse-c0sh/a01046-b014448-h315/
http://fangjia.fang.com/pghouse-c0sh/a01046-h315/,苏州,http://fangjia.fang.com//pghouse-c0sh/a01046-b014445-h315/
http://fangjia.fang.com/pghouse-c0sh/a024-h315/,董家渡,http://fangjia.fang.com//pghouse-c0sh/a024-b01631-h315/
http://fangjia.fang.com/pghouse-c0sh/a024-h315/,黄浦滨江,http://fangjia.fang.com//pghouse-c0sh/a024-b05237-h315/
http://fangjia.fang.com/pghouse-c0sh/a024-h315/,老西门,http://fangjia.fang.com//pghouse-c0sh/a024-b01630-h315/
http://fangjia.fang.com/pghouse-c0sh/a024-h315/,南京东路,http://fangjia.fang.com//pghouse-c0sh/a024-b05240-h315/
http://fangjia.fang.com/pghouse-c0sh/a024-h315/,蓬莱公园,http://fangjia.fang.com//pghouse-c0sh/a024-b05238-h315/
http://fangjia.fang.com/pghouse-c0sh/a024-h315/,人民广场,http://fangjia.fang.com//pghouse-c0sh/a024-b05239-h315/
http://fangjia.fang.com/pghouse-c0sh/a024-h315/,豫园,http://fangjia.fang.com//pghouse-c0sh/a024-b01632-h315/
http://fangjia.fang.com/pghouse-c0sh/a035-h315/,枫泾,http://fangjia.fang.com//pghouse-c0sh/a035-b012974-h315/
http://fangjia.fang.com/pghouse-c0sh/a035-h315/,金山其他,http://fangjia.fang.com//pghouse-c0sh/a035-b02160-h315/
http://fangjia.fang.com/pghouse-c0sh/a035-h315/,金山新城,http://fangjia.fang.com//pghouse-c0sh/a035-b07457-h315/
http://fangjia.fang.com/pghouse-c0sh/a035-h315/,石化,http://fangjia.fang.com//pghouse-c0sh/a035-b07458-h315/
http://fangjia.fang.com/pghouse-c0sh/a035-h315/,亭林,http://fangjia.fang.com//pghouse-c0sh/a035-b07459-h315/
http://fangjia.fang.com/pghouse-c0sh/a035-h315/,朱泾,http://fangjia.fang.com//pghouse-c0sh/a035-b07460-h315/
http://fangjia.fang.com/pghouse-c0sh/a032-h315/,奉城,http://fangjia.fang.com//pghouse-c0sh/a032-b07367-h315/
http://fangjia.fang.com/pghouse-c0sh/a032-h315/,奉贤其他,http://fangjia.fang.com//pghouse-c0sh/a032-b03949-h315/
http://fangjia.fang.com/pghouse-c0sh/a032-h315/,海湾,http://fangjia.fang.com//pghouse-c0sh/a032-b07368-h315/
http://fangjia.fang.com/pghouse-c0sh/a032-h315/,海湾旅游区,http://fangjia.fang.com//pghouse-c0sh/a032-b07454-h315/
http://fangjia.fang.com/pghouse-c0sh/a032-h315/,金汇镇,http://fangjia.fang.com//pghouse-c0sh/a032-b013943-h315/
http://fangjia.fang.com/pghouse-c0sh/a032-h315/,南桥,http://fangjia.fang.com//pghouse-c0sh/a032-b07369-h315/
http://fangjia.fang.com/pghouse-c0sh/a032-h315/,西渡,http://fangjia.fang.com//pghouse-c0sh/a032-b012973-h315/
http://fangjia.fang.com/pghouse-c0sh/a032-h315/,柘林,http://fangjia.fang.com//pghouse-c0sh/a032-b012972-h315/
http://fangjia.fang.com/pghouse-c0sh/a032-h315/,庄行,http://fangjia.fang.com//pghouse-c0sh/a032-b07456-h315/
